OCC1990,EDUC_mean,PRESGL_mean,PRENT_mean,FTOTINC_mean,INCTOT_mean
Legislators,8.91072796934866,60.6,,217775.43672687467,58239.83886152162
"Chief executives and general administrators, public administration",8.834205616305708,50.3,,188460.02447666958,127906.98455870197
Financial managers,8.589775005775007,50.3,,145427.15258489258,65162.48934534535
Personnel and labor relations managers,8.14881322578844,56.0,,194942.6596026949,51532.8113388107
"Managers, marketing, advertising, and public relations",8.819981095364467,50.40212466015507,,216161.688330123,64001.55774196797
"Administrators, education and related fields",9.623803725420405,59.6,,305629.94774795027,49638.64074982984
"Managers, medicine and health",8.709636326815916,61.5,,213594.65895159516,52609.548967730836
Postmasters and mail superintendents,7.061924474106615,58.10000000000001,,85535.47997803497,41592.468657599056
"Managers, food serving and lodging establishments",7.007849000186881,50.3,,283465.76850832434,33820.146014966725
"Managers, properties and real estate",7.569838535726201,38.300000000000004,,153236.2356943895,50603.65789126572
Funeral directors,8.067979587701037,52.2,,231072.1877636742,52782.80495937805
"Managers, service organizations, n.e.c.",8.766427806693025,50.3,,265889.89569575037,43904.02617212758
"Managers and administrators, n.e.c. ",8.15864056254693,50.29999999999999,,170178.1018166901,65827.72859113761
Accountants and auditors,9.136993791228996,56.699999999999996,,135495.09097236823,46928.680200769784
Underwriters,8.231795950565344,46.9,,91084.56071522483,43945.08215619248
Other financial officers,8.584067807579208,50.383849386601085,,145401.8861895247,59993.79133920374
Management analysts,9.417603304103043,54.4,,182792.09430565144,76417.17838618113
"Personnel, training, and labor relations specialists",8.246873735837692,56.0,,189693.10064971176,42703.26701962324
"Purchasing agents and buyers, farm products",6.9438222435167996,40.900000000000006,,439369.6141821884,43278.29190872612
"Buyers, wholesale and retail trade, except farm products",7.427853440732347,50.0,,141125.5799172818,33906.84352352532
"Purchasing agents and buyers, n.e.c.",8.021393763121907,48.904355413448386,,106862.88364504883,47329.71444806133
Business and promotion agents,8.247966919365954,50.29999999999999,,394517.144589938,45899.073604410754
Construction inspectors,7.25805686692966,31.300000000000004,,151383.24087606976,40351.24594192589
"Inspectors and compliance officers, except construction",8.347624436192085,40.599999999999994,,173042.6514511579,46405.57121910014
"Management related occupations, n.e.c. ",7.699391233468207,60.599999999999994,,187950.16488100047,38389.44365054304
Architects,9.802238668241547,70.5,,182012.4686438801,59583.551177469366
Aerospace,9.662084569905387,71.09999999999998,,134324.41293112133,67350.5610563102
Metallurgical and materials,9.008855963900485,55.8,,107803.55030042712,57486.64834342801
Petroleum,9.526367378945304,61.6,,127265.26579102137,78640.5373848265
Chemical,9.785679414157851,67.3,,183998.08993761867,68609.60778410632
Civil,9.567254447374497,67.8,,202612.45135445354,62581.748976559225
Electrical and electronic,9.355369898353077,69.4,,169566.99510175383,65226.601016231674
Industrial,8.877310808322592,54.4,,111318.17666635978,54659.96473025226
Mechanical,9.192547212964778,62.3,,147729.2893321571,60310.57275044109
"Engineers, n.e.c.",9.543450943849097,60.78834836997191,,160003.1583106254,64259.88048343146
Computer systems analysts and scientists,8.5283481789997,50.6,,272970.09603011503,49066.77720316464
Operations and systems researchers and analysts,8.781263476964403,50.6,,156066.41020491146,56188.491923062706
Actuaries,10.078966662353904,55.39999999999999,,266693.14710829343,88557.08345193428
"Mathematical scientists, n.e.c. ",10.08206677745883,55.4,,270325.07001057564,52681.15630759933
Physicists and astronomers,10.45880388451905,73.8,,225347.71841631146,74700.29037219317
"Chemists, except biochemists",10.03718523975355,68.8,,252119.58526989017,52542.35604741495
Atmospheric and space scientists,9.736975627434992,68.1,,221085.2604874513,55966.25822234303
Geologists and geodesists,10.147534145480604,67.2,,107323.35508091169,57167.65748633646
"Physical scientists, n.e.c.",10.550834688965057,68.1,,230115.76409606877,51043.338299647636
Agricultural and food scientists,9.424915082533818,55.8,,496260.84488409513,40662.80644776831
Biological and life scientists,10.240876374612153,67.7,,183711.38414209426,41710.44470945818
Forestry and conservation scientists,9.666814960755028,53.9,,125281.95678286567,47387.53954685564
Medical scientists ,10.936135977337111,67.7,,170340.26688951842,54630.43193201133
Physicians,10.941719381803303,81.5,,226315.98743096626,151933.40229803263
Dentists,10.955004122202999,73.6,,188466.96606439925,137808.79488846828
Veterinarians,10.94436503911353,59.699999999999996,,137355.31215516315,82684.12199732583
Optometrists,10.969198199004085,62.0,,135561.41085964756,91730.29454035842
Podiatrists,10.959438504855953,36.7,,150656.34456867707,114223.09915938953
"Health diagnosing practitioners, n.e.c. ",10.610690349532653,60.0,,127397.1699576233,73437.40014426112
Registered nurses,8.977334970537502,61.5,,123772.59617661711,38270.91686329106
Pharmacists,10.179245160592625,60.7,,179779.35409105656,62997.41107818752
Dietitians,8.665607388210129,52.099999999999994,,157665.37064461721,28446.065140482948
Respiratory therapists,8.252633696492287,36.70000000000001,,83235.1688953827,34993.82030513822
Occupational therapists,9.686267609764108,36.642311527137515,,118131.01838101605,36098.59706044504
Physical therapists,9.334470539450372,39.9890031854337,,190440.83994609266,38010.67234327289
Speech therapists,10.729335562407064,36.699999999999996,,107698.54321070628,39245.390001092135
"Therapists, n.e.c.",9.430167007258122,39.1841959692763,,134712.70632795434,32527.856616869845
Physicians' assistants ,8.897974694862969,61.5,,277021.76067420753,41714.35761016975
"Postsecondary teachers, subject n.s. ",10.303799455180325,78.3,,355139.3807935443,44506.9337304675
"Teachers, prekindergarten and kindergarten",7.90573409701014,59.6,,192649.95017443565,15525.100498853399
"Teachers, elementary school",10.168931796152386,59.59999999999999,,130955.63136287393,33759.99808948952
"Teachers, secondary school",10.262969363348173,59.6,,150837.2768056398,37995.13474862381
"Teachers, special education",9.869082669292684,46.0,,109558.71256167287,33145.876212104464
"Teachers, n.e.c.",7.423902527163037,48.73967216317886,,501255.84849627654,16479.457890595702
"Counselors, educational and vocational ",9.223731165149934,50.6,,436886.6453065791,30419.947945695956
Librarians,9.854618346784829,54.599999999999994,,478568.9826537251,32318.177401487577
Archivists and curators ,9.330011362560363,50.29999999999999,,504417.0180380646,33861.49171479973
Economists,9.552562528940076,56.8,,267265.5417508838,59919.606106264284
Psychologists,10.870148355839161,71.4,,151918.7323740157,55096.169175072784
"Social scientists, n.e.c.",10.068776811594203,65.6,,192382.83972173912,39996.568765217395
Urban planners ,10.250828051523206,50.60000000000001,,116443.60601104068,53729.56581476181
Social workers,9.36494787763167,52.4,,140653.22557607142,30702.61796552429
Recreation workers,7.2333793632125,48.6,,1163626.549378859,16253.136687738901
Clergy,9.225148270740917,65.26787984973937,,735605.1383407266,30830.069066824562
Lawyers,10.95418143081766,75.7,,180621.50868945368,110941.09923954656
Judges ,9.670689854069332,75.69999999999999,,258871.5037636269,76263.01496798755
Authors,9.528006589785832,59.800000000000004,,310544.026664226,45133.08512823642
Technical writers,9.23082846074256,34.2,,158037.5598185712,46490.58567338002
Designers,8.021767097552084,58.2,,190456.93167372348,33802.34008131677
Musicians and composers,8.071663790978556,46.0,,455125.0296573823,29408.914389943307
Actors and directors,8.7747960902001,51.53315474566545,,252283.03195292436,50582.81265698938
"Painters, sculptors, craft-artists, and artist printmakers",8.170565020694966,56.2,,356918.2264998694,31608.218940362745
Photographers,7.738527021970385,40.5,,273843.3068837868,30967.53711177634
Dancers,6.366806747212981,37.6,,488062.0813634507,18865.43652600245
"Artists, performers, and related workers, n.e.c.",7.705153273112163,34.20000000000001,,497412.6771488131,26729.57094840263
Editors and reporters,9.193393256349973,51.24968084061671,,331136.1774670587,41439.34322486728
Announcers,7.378427928760708,50.599999999999994,,575044.932180933,31371.124206569297
Athletes ,7.520767573145562,53.2,,974880.7719474627,24519.851159402697
Clinical laboratory technologists and technicians,8.652251296790954,61.0,,271912.3621339862,30593.684127391552
Dental hygienists,8.498845247690495,61.0,,111950.3603524707,31937.45365490731
Health record technologists and technicians,6.9106922583510135,35.5,,186825.41123501258,21317.16200391441
Radiologic technicians,7.855532381954852,61.0,,115229.12948086351,34219.59258723035
Licensed practical nurses,7.001205319806056,41.9,,127967.18067224594,24393.605647237604
"Health technologists and technicians, n.e.c. ",7.7109927726653655,61.0,,314904.91559493786,34132.65118251919
Industrial engineering technicians,7.333800819856244,49.31692722371968,,557833.2902726303,34533.48488039084
Drafting occupations,7.47399519270124,56.1,,398547.55035384995,34718.85404713534
Surveying and mapping technicians,7.4098827581638735,53.300000000000004,,333983.0633606382,34449.44514362677
Biological technicians,7.500480017067273,48.80622955482862,,407461.7095896743,28715.853257004692
Chemical technicians,7.484794569558196,47.0,,272576.8877457285,37682.56830114972
Science technicians n.e.c.,7.358647819709295,47.0,,115684.75596746233,41091.50473396453
Airplane pilots and navigators,9.064516356011511,70.1,,232958.26603761635,91802.3402219267
Air traffic controllers,7.662279043387844,42.8,,280143.6685650818,63293.73452122129
Broadcast equipment operators,7.592428850432873,42.8,,395425.65897762275,37104.285725390364
Computer programmers,9.246305694007946,50.6,,212004.58555515046,59827.95158217153
"Tool programmers, numerical control",6.472497566595816,47.0,,262565.0291809857,35097.2466180648
Legal assistants,8.076774271551203,35.5,,189091.07778125585,32994.558289981665
"Supervisors and proprietors, sales occupations",7.18368560930611,50.300000000000004,,177430.07835614955,41473.85103253777
Insurance sales occupations,7.981432917957362,46.9,,126564.2106226507,56941.33806966401
Real estate sales occupations,7.970555447589231,44.0,,159922.96048076573,55233.92153600724
Securities and financial services sales occupations,8.808795622152285,50.60000000000001,,199947.91011085536,87071.15101695711
Advertising and related sales occupations,8.172854529450657,42.199999999999996,,207666.32236919494,45144.66149895956
Sales engineers,9.114194932515003,60.400000000000006,,100239.81419221681,73646.44760068436
"Sales workers, other commodities",7.433745269438936,32.97736152975136,,306839.1626108031,41733.82856688882
Sales counter clerks,6.648856810664943,32.800000000000004,,445752.5390803388,20804.706379678566
Cashiers,5.748500480349467,30.900000000000002,,489175.1129142723,10096.361130083855
Street and door-to-door sales workers,6.248012304961011,15.4,,336448.58231620997,16099.822220861806
"Demonstrators, promoters and models, sales",6.47669657539538,28.3,,349092.3666854286,17946.40936330828
"Supervisors, general office",7.352413665039021,50.3,,152654.84414731278,34857.10217730527
Computer operators,7.170259075922746,44.9,,269519.4991413116,28421.371103376285
Secretaries,6.946798370842689,44.5,,264424.8321278947,23016.861836255506
Typists,6.914988924814115,44.5,,449218.12172446155,19608.34232392734
Interviewers,7.105144926737301,35.5,,284298.9744269633,19437.061537359015
Hotel clerks,6.599982044721469,35.5,,586275.3661722552,14107.524249244916
Transportation ticket and reservation agents,7.314623496357201,35.4,,167841.42620625906,25833.734001483877
Receptionists,6.58061813153201,35.5,,436900.7615220958,15146.66670326102
Correspondence clerks,6.424811935807422,35.5,,221105.2084963223,19842.851588097627
"Personnel clerks, except payroll and timekeeping",7.098670510972289,35.5,,407269.9303947694,25942.44759949325
Library clerks,7.18354914769433,41.3,,1234093.2014765567,13383.518882146032
File clerks,6.50212865310106,35.5,,640102.8480600229,15072.706426765499
Records clerks,7.200057648614738,35.5,,254130.1641883414,24514.916697751705
"Bookkeepers, accounting, and auditing clerks",6.874464186679958,47.6,,170814.96291626594,23662.340462534605
Payroll and timekeeping clerks,6.891418618759663,35.5,,140945.97757294663,25425.694616333
"Billing, posting, and calculating machine operators",6.861286785140231,35.5,,160480.234469927,22888.25564451922
Mail preparing and paper handling machine operators,6.8858213665259065,35.5,,195850.55052085707,33957.41971123502
"Office machine operators, n.e.c.",6.539409322211407,44.9,,595930.6650115203,18641.72577962322
Telephone operators,6.436711469899385,40.4,,426153.49606103025,19263.355558273648
349,6.933333333333334,44.9,,357635.5478648821,28769.180369662205
Postal clerks except mail carriers,6.904737539128341,35.5,,148195.5849737138,35507.903543623084
"Mail carriers, postal service",6.86716792597392,42.300000000000004,,93765.03199469835,36510.984885849364
"Mail clerks, except postal service",6.300273666218133,35.5,,601186.211632178,18055.602147507
Messengers,6.521546433928815,19.100000000000005,,368743.397092916,23791.812443346356
Dispatchers,6.593457262379093,33.5,,175326.64855905966,27655.91646059706
"Traffic, shipping, and receiving clerks",6.065902120250613,29.2,,364656.743663975,22286.796066809373
Stock and inventory clerks,5.953562252961659,35.5,,441459.91631011746,16430.37617207563
Meter readers,6.382363470029036,35.5,,108387.74971162643,27498.897776540314
"Weighers, measurers, checkers, and samplers",6.154112688942313,35.5,,376117.9796482485,23300.411103432838
Expediters,7.280274039593831,41.53037297166747,,172472.07979670545,38911.84462489068
"Insurance adjusters, examiners, and investigators",7.6054665723958825,46.89999999999999,,110519.37462438985,32142.94598352074
"Investigators and adjusters, except insurance",6.947874023496639,35.5,,277340.88072844123,23620.70863864834
"Eligibility clerks, social welfare",7.86268326417704,35.5,,81561.10986168741,31613.61468879668
Bill and account collectors,6.841655033909329,25.899999999999995,,174208.17764456634,23864.47702039124
General office clerks,6.757852595784041,35.5,,517339.7255874381,18790.049796810392
Bank tellers,6.663492484946185,49.5,,251556.34187662986,14668.003273434166
Proofreaders,7.725678882151332,35.5,,366248.9455246507,21373.853216451356
Data-entry keyers,6.789578915252881,44.89999999999999,,425323.9920612096,17961.730088628363
Statistical clerks,7.452970109723799,35.5,,378499.10271156515,29439.401639551015
"Administrative support occupations, n.e.c.",7.463586958823804,35.5,,239550.55276887084,28385.432479255178
Housekeepers and butlers,5.09028487387051,12.400000000000002,,272497.7583465533,11879.639637220771
"Supervisors, guards",7.402909824258139,21.9,,205302.61790070104,41280.42836838567
Firefighting occupations,7.156746444181842,44.44709483605507,,188466.9253299543,47401.0837934422
"Police and detectives, public service",7.814444284478807,45.86210876914609,,116044.82369097906,47172.17773543794
"Sheriffs, bailiffs, and other law enforcement officers",6.913431031877927,25.613711142778975,,155417.41943340833,34434.94601944443
Crossing guards,5.7126626275948285,17.5,,273504.0479330668,15289.605160120347
"Guards and police, except public service",6.430838705856042,21.9,,408624.68938972295,23747.863369590414
"Protective service occupations, n.e.c. ",5.838547637793463,14.7,,1854449.6158864778,8017.741978258768
Bartenders,6.54355855660881,19.9,,251465.7109514397,15461.87056515027
Waiters and waitresses,6.064958973301764,20.299999999999997,,614936.4313324908,9985.752549166555
Cooks,5.59831520094057,31.019672009966683,,501978.0803706768,14433.113281583263
"Kitchen workers, food preparation",5.432746593843688,26.4,,558040.0263409421,8745.3124402624
Waiters'/waitresses' assistants,5.300408412623586,16.866656237910924,,555020.9238475345,8461.308958230718
Miscellaneous food preparation occupations,5.121997010744924,23.307230195313114,,718409.82664675,8666.384178573982
Dental assistants,6.7539322589983595,47.8,,128270.81391637409,18007.106985651615
"Health aides, except nursing",6.7302517829028465,47.800000000000004,,243261.3291186446,17884.52724563038
"Nursing aides, orderlies, and attendants",6.075811314189738,36.29999999999999,,244592.08193827647,16366.251713766764
"Supervisors, cleaning and building service workers",6.051357769385127,16.1,,256931.45659869787,26779.92415068217
Janitors and cleaners,5.429779223648163,16.1,,520173.9647962449,17815.81879988143
Elevator operators,5.628778225722224,17.5,,466994.70548116893,26798.154366762057
Pest control occupations,6.367236123910115,28.399999999999995,,183170.23827886864,26447.303267881194
"Supervisors, personal service occupations",7.070330924877199,14.7,,258697.08703489508,30238.305222994997
Barbers,6.0152250821269995,35.0,,430818.803283275,22060.144615717843
Hairdressers and cosmetologists,6.32479012797338,35.0,,122257.10535580874,17112.013289582803
"Attendants, amusement and recreation facilities",6.192942679323873,14.700000000000001,,676705.2325822153,16838.927695306826
Guides,7.242036152796726,14.1,,1439673.2732946794,18417.508867667122
Ushers,5.905287471276685,14.899999999999999,,814931.1260849377,12974.932838042172
Public transportation attendants,7.3995607584370156,34.52998370234925,,100644.41612175538,31856.26244186509
Baggage porters and bellhops,6.369114000150297,20.2,,434553.6474637409,20810.044998872774
Welfare service aides,8.402628026918109,52.4,,250386.7469742899,30288.873079636494
"Child care workers, n.e.c.",6.221857913817124,14.1,,477101.93229039124,10472.529591301893
"Personal service occupations, n.e.c. ",6.213309117487459,22.11034452208773,,571438.9891781748,11632.53178883487
"Farmers, except horticultural",6.272365975888742,40.7,,231201.7051395756,30732.950745677885
"Managers, farms, except horticultural",6.561124384517898,43.7,,262528.5732615877,40144.94767415287
Farm workers,4.67273541964196,18.4,,639554.9927339077,13394.292732893427
"Supervisors, related agricultural occupations",6.479430792424985,45.29999999999999,,439927.7001863856,33102.725211671685
"Groundskeepers and gardeners, except farm",5.307129399742043,22.5,,718348.9894888642,16155.729215014964
"Animal caretakers, except farm",6.302475544020763,28.4,,490744.4291209157,14538.101550542357
"Graders and sorters, agricultural products",4.440733536221881,18.4,,375684.1214350704,12639.462962381953
"Inspectors, agricultural products",7.255632582322357,40.6,,108412.13358218904,32638.985601919743
Timber cutting and logging occupations,5.433209643392613,27.953352233274217,,615109.2973025568,25404.272026465813
Fishers,5.610728033009332,30.200000000000006,,579871.6378111932,27143.179003627705
"Supervisors, mechanics and repairers ",6.6544678919900155,45.3,,166594.88744724303,45549.59610619469
Automobile mechanics,5.844060138264099,36.7,,422867.2325194162,26764.934136750515
"Bus, truck, and stationary engine mechanics",5.944906109270116,36.7,,173130.01781233182,32731.556694139974
Aircraft engine mechanics,6.804011218761192,48.20000000000001,,298181.19957022654,42056.32816271855
Small engine repairers,5.868543800653949,32.8,,514048.08464149013,23015.958221629913
Automobile body and related repairers,5.615897944187159,36.7,,357224.2078156775,27939.031922347353
Heavy equipment mechanics,5.83120403397657,29.48029286511802,,319225.0110334924,30324.368064132585
Industrial machinery repairers,6.117011415618182,32.8,,198331.52580610287,37007.98342865549
Machinery maintenance occupations,5.9466239329409225,24.200000000000003,,349095.4827883756,32153.707294523712
"Electronic repairers, communications and industrial equipment",6.544653992970256,35.0,,436746.53281177167,29566.00975093541
Data processing equipment repairers,7.201148366015114,33.900000000000006,,339219.75500067166,31760.942128725706
Household appliance and power tool repairers,6.1484320224361015,32.8,,132590.41490853464,29627.716776085155
Telephone line installers and repairers,6.609109608789015,39.199999999999996,,180948.99113094443,38942.81986048773
Misc. electrical and electronic equipment repairers,6.722875085494,33.60054301643557,,348077.79396464175,46230.176749777194
"Heating, air conditioning, and refrigeration mechanics",6.22195580362228,32.8,,253918.9611544595,32460.76983711129
"Camera, watch, and musical instrument repairers",6.6667156443684545,37.3,,369470.0557611135,32158.424743534943
Locksmiths and safe repairers,6.233416472830199,32.8,,268803.7256396603,30430.71098282095
Mechanical controls and valve repairers,6.259188418841884,32.8,,169727.8583858386,35462.76867686769
Elevator installers and repairers,6.316353805032413,32.8,,349534.2045838582,48903.652892561986
Millwrights,6.201938663388418,40.3,,134052.3246771614,44608.0343128189
"Mechanics and repairers, n.s. ",6.071331737846001,32.8,,259066.91057935802,29934.919009824902
"Supervisors, construction, n.e.c.",6.27910304860832,50.300000000000004,,300085.9714572931,44454.45859265711
Brickmasons and stonemasons,5.410315705945701,34.23536001058021,,580935.9470025884,26690.16917757751
Carpenters,5.809518829545811,39.9,,475622.1219583332,26485.530039310288
Drywall installers,5.176046796425128,28.4,,673524.3377715243,23324.368864917447
Electricians,6.405874694471366,49.199999999999996,,291818.9314806362,36175.661610312985
Electrical power installers and repairers,6.269451929554422,37.498989510153024,,208359.83550067365,40871.341052353
"Painters, construction and maintenance",5.557597918154338,29.799999999999997,,576862.8304464283,21888.86899839402
Paperhangers,6.179919533474979,24.3,,519182.59617557976,23319.678405135393
Plasterers,4.929581156733883,33.2,,456867.9939336067,24909.561085210356
"Plumbers, pipefitters, and steamfitters",5.940974477091052,40.6,,370207.5803802663,33738.88486581357
Concrete and terrazzo finishers,5.143819068302936,31.6,,538125.7514020811,25511.66623928269
Glaziers,5.8452677669248905,25.5,,1104080.5969181543,30210.198518019537
Insulation workers,5.591667905087433,28.399999999999995,,932244.9448035865,27021.338559468964
"Paving, surfacing, and tamping equipment operators",5.272219400711021,32.60000000000001,,608226.8846668821,26211.588069624635
Roofers,5.1524893344042395,31.199999999999996,,1079415.979030413,20640.05602784355
Sheetmetal duct installers,5.999134929955541,36.8,,398226.0267542572,31975.586811089674
Structural metal workers,5.857749939291785,33.648809404773814,,536187.8141685831,32411.014927078722
"Drillers, earth",5.750271382048791,26.3,,411505.65663029195,32942.36342341313
"Construction trades, n.e.c. ",5.492130319321199,17.5,,624384.2030960554,23614.957238163093
"Drillers, oil well",5.5700083665534725,26.299999999999997,,786846.0355332447,32163.912594123725
Explosives workers,6.2958037336857755,32.1,,1072894.0679002148,32227.283165372544
Mining machine operators,5.741288295874085,26.300000000000004,,138022.29750955373,37285.6139322495
"Mining occupations, n.e.c. ",5.537481259370315,26.3,,765507.3367109549,27705.231143049165
"Supervisors, production occupations",6.528262315107798,45.3,,156792.97410677173,41140.57535431894
Tool and die makers,6.407627711686494,42.0,,109537.31187543737,44234.10302309307
Machinists,6.114088205534063,47.8,,257826.86411293753,34059.23573138116
Boilermakers,6.006431253495246,30.700000000000003,,356822.7622034034,35076.76272269713
"Precision grinders, filers, and tool sharpeners",5.976054044272876,18.7,,127727.81723867543,32293.674889920985
"Patternmakers and model makers, metal",6.6417870661619665,39.099999999999994,,104993.351655382,41208.64040091699
Lay-out workers,6.017026946994374,35.5,,390003.0447142434,31220.95498963577
"Engravers, metal",6.323412479293208,41.2,,207255.46951960243,26065.980011043623
Cabinet makers and bench carpenters,6.019937092655223,38.6,,289860.29944093316,26171.497924452025
Furniture and wood finishers,5.847544415525631,29.0,,340847.10342876543,21813.529987552338
Dressmakers,5.708537165961734,31.699999999999996,,254658.59365491164,18334.008721391558
Upholsterers,5.476406521358661,30.299999999999997,,298348.1339544151,23406.967272041897
Shoe repairers,5.356076850501759,32.8,,392723.18642250623,20315.82897332533
"Hand molders and shapers, except jewelers",6.169752392935784,28.4,,225846.321035366,25230.354469060352
Optical goods workers,7.042077736835849,51.4,,113887.4269922399,27771.284678473792
Dental laboratory and medical appliance technicians,6.965176659870692,61.0,,241936.32316136255,21426.17010083297
Bookbinders,5.860715798722796,31.3,,323056.6563632655,21196.21690490013
Butchers and meat cutters,5.250042133587754,32.1,,322611.7378033975,21590.684392290837
Bakers,5.704115222626059,34.2,,323539.51976894145,17470.949648722504
Food batchmakers,5.663257445212561,28.400000000000002,,295754.1332333205,18973.398037585906
Water and sewage treatment plant operators,6.605351459376774,35.0,,115142.15533788952,35692.809183094425
Power plant operators,6.775289380976346,38.8,,251850.5749245093,52820.37468545546
Stationary engineers,6.467365200372627,35.0,,180325.87828078662,41959.3840197595
Miscellaneous plant and system operators ,6.431469747546423,26.300000000000004,,202220.37302364627,43849.25139419137
Lathe and turning machine set-up operators,5.77300050091835,28.400000000000002,,629771.175404909,26872.0806478544
Punching and stamping press machine operators,5.648458892484555,28.4,,351146.5462671706,24225.99943424834
Rolling machine operators,5.739434142419217,36.0,,172658.19382883562,28725.2561435248
Drilling and boring machine operators,5.616476482048427,28.399999999999995,,258300.4325772335,25077.20929585305
"Grinding, abrading, buffing, and polishing machine operators",5.5047070933932245,18.7,,296939.2732734419,27222.20525921767
Forging machine operators,5.602679328472105,35.5,,1068340.2158159516,31066.231756260244
Molding and casting machine operators,5.735316048127436,28.4,,433523.8767666497,26894.63484155228
Metal plating machine operators,5.5374987279943015,28.4,,441865.0423662698,27029.088226315253
Heat treating equipment operators,5.850147529662879,35.5,,135179.07966601796,34344.59576872371
"Wood lathe, routing, and planing machine operators",5.657155312433795,28.4,,229559.18661013542,26309.68303302243
Sawing machine operators,5.2611700417872065,27.699999999999996,,309247.36497045227,20197.098509012685
Nailing and tacking machine operators,5.406003871312241,28.399999999999995,,321042.80965491926,20192.147877452942
Miscellaneous woodworking machine operators,6.117310357293487,28.4,,479388.50653732603,23845.90753348999
Printing press operators,6.121784786506165,40.199999999999996,,295898.47238483775,27201.126321759173
Typesetters and compositors,6.253946853262134,39.55872487864328,,248297.54781999465,28282.8139157671
Winding and twisting machine operators,5.171722997654478,28.400000000000002,,72978.38491559964,18938.567231899106
"Knitting, looping, taping, and weaving machine operators",5.3194041440189626,24.9,,182081.7656218072,19957.14540847603
Textile cutting machine operators,5.089188108252233,28.4,,117940.59689819135,18472.238812602765
Textile sewing machine operators,4.9283059079331935,28.400000000000006,,239310.37587119147,14700.71240441147
Shoe machine operators,5.205544790579818,28.400000000000002,,379598.63466984645,17514.133999105678
Pressing machine operators,4.920345860303352,18.2,,265613.4535954658,14903.992754323253
Laundering and dry cleaning machine operators,5.308640247897783,18.2,,481110.6535744512,16039.41028038659
Miscellaneous textile machine operators,5.47100126214663,28.4,,181010.53457423995,20931.86895731984
Cementing and gluing machine operators,5.413203029946231,28.399999999999995,,239657.35091644098,20093.48302523647
Packaging and filling machine operators,5.164817249539837,28.399999999999995,,247360.38010092283,17430.937976284386
Extruding and forming machine operators,5.725059866845609,28.4,,244472.88609510276,26273.92989658167
Mixing and blending machine operators,5.691146948857828,28.400000000000002,,296245.2915544146,27047.746789155142
"Separating, filtering, and clarifying machine operators",6.480536048404733,28.39999999999999,,215437.85721575585,39929.517362039216
Painting and paint spraying machine operators,5.551143254818945,29.0,,327829.12082384166,25316.40389185512
"Roasting and baking machine operators, food",5.73706196333256,28.399999999999995,,598329.7560145432,21658.46368066837
"Washing, cleaning, and pickling machine operators",5.495734698229899,28.399999999999995,,317971.49754745146,20791.188952868415
Folding machine operators,5.796110098115829,28.4,,317509.1357818876,29499.45833116263
"Furnace, kiln, and oven operators, except food",5.8015359621917,32.5,,213514.84520750257,30024.456978289767
Slicing and cutting machine operators,5.336628731536892,27.57555294199038,,318171.4391781106,20693.065495174513
Motion picture projectionists,6.518540170369133,33.9,,832834.4518957742,15666.159679305161
Photographic process machine operators,6.630240315366538,35.9,,300673.0719714199,20529.605905541655
"Machine operators, n.s. ",5.632575480622356,28.4,,389308.0216462141,23921.103847529397
Welders and cutters,5.6443438727965685,40.1,,472874.26488336176,28191.92009693942
Assemblers,5.7506943788427005,28.4,,314401.93863575364,22430.57155238468
"Graders and sorters, except agricultural ",6.313429587427292,28.4,,231136.82891642183,27812.439597221197
"Supervisors, motor vehicle operators",6.667608794900659,45.3,,184248.4465862082,37842.23244661757
Truck drivers,5.828461229416397,31.53118831339267,,274865.69025080104,29438.590697131844
Bus drivers,6.1665265405369505,32.4,,104821.18799094768,23703.20538926715
Taxicab drivers and chauffeurs,6.298397307595368,22.0,,267716.71257097955,23272.48068318285
Parking lot attendants,5.963408054152156,21.6,,630045.9120150096,15539.672193064207
Railroad conductors and yardmasters,6.590189601183717,40.9,,157046.50841333746,48818.76370393311
Locomotive operating occupations,6.535774032545729,44.87838349762889,,127257.87359150549,48450.277260849725
"Railroad brake, signal, and switch operators",6.140722291407223,34.7,,62205.067662930676,42848.56421751764
Sailors and deckhands,6.3871051452027645,49.753832362169426,,749329.8124749345,39874.50593314303
Operating engineers,5.5916702939758585,32.60000000000001,,347767.31976719695,33120.69676631236
Hoist and winch operators,5.7346522029306,38.79999999999999,,247195.05526501907,37300.75888792597
Excavating and loading machine operators,5.474385290022536,32.6,,272581.7168243214,32537.054100219615
Miscellaneous material moving equipment operators,6.09630765405495,35.0,,331180.1068749741,35891.60548671833
"Helpers, mechanics and repairers",5.1621113201283615,28.399999999999995,,481902.23614031204,14895.898270074877
"Helpers, construction trades",5.223645852445315,17.5,,654247.4088434958,14928.259861782153
Construction laborers,5.354906759513046,17.5,,705635.0249295556,21336.05077118951
Production helpers,5.319242841673863,17.5,,434065.2523404197,17287.76791808874
Garbage collectors,5.364205002252869,17.5,,814894.1616588185,21733.99040542809
Machine feeders and offbearers,5.5135566847055255,17.5,,492937.75677834236,19796.913014141915
"Freight, stock, and material handlers, n.e.c.",6.601822554107075,17.5,,159831.5716575961,30967.371471965573
Garage and service station related occupations,5.617269865542102,21.6,,537340.4540925735,13066.509327232652
Vehicle washers and equipment cleaners,5.259561338874107,17.5,,603288.6370396639,14311.42554461038
Hand packers and packagers,5.17434380723392,28.4,,452139.398490412,14089.43880636562
"Laborers, except construction",5.5994899047362,17.5,,599110.5870469774,18232.664236792163
"Military occupation, rank not specified ",7.247544705857573,0.0,,3064058.125540367,28423.379593487374
991,5.344868148778512,0.0,,1612746.8341234261,3286.6349255716286
999,3.695109601319681,0.0,,377406.0959858981,4345899.233998885
